timestamp,tour,tournament,surface,match_date,player_a,player_b,rank_a,rank_a_source,rank_b,rank_b_source,p_a_raw,p_a_cal,p_b_raw,p_b_cal,odds_a,odds_a_source,odds_b,odds_b_source,bookmaker_a,bookmaker_b,implied_a,implied_b,edge_a,ev_a,kelly_a,edge_b,ev_b,kelly_b,shrinkage_applied,status,result,profit,elo_diff,elo_prob,rank_diff,form_diff,surface_form_diff,h2h_rate,rest_diff,rolling_elo_diff,age_multiplier_diff,rust_factor_diff,fatigue_multiplier_diff,surface_transition_multiplier_diff,adjusted_elo_diff
2026-07-01T17:00:59,wta,Wimbledon,grass,2026-07-02,Iga Swiatek,Karolina Pliskova,2.0,auto,330.0,auto,0.9573,0.9229,0.0427,0.0771,1.25,manual,3.7,manual,pinnacle,pinnacle,0.8,0.2703,0.1229,0.1537,0.05,-0.1932,-0.7148,0.0,True,ok,A_win,0.0125,310.7911,0.8568,328.0,0.7,0.3,1.0,-49.0,,,,,,
2026-07-09T00:44:29,wta,Wimbledon,grass,2026-07-09,Coco Gauff,Karolina Muchova,7.0,auto,11.0,auto,0.5328,0.5328,0.4672,0.4672,2.12,manual,1.8,manual,pinnacle,pinnacle,0.4717,0.5556,0.0611,0.1296,0.05,-0.0884,-0.1591,0.0,False,ok,B_win,-0.05,11.4513,0.5165,4.0,0.1,0.0,0.8333,10.0,,,,,,
2026-07-21T10:29:39,atp,Kitzbuhel,clay,2026-07-21,Juan Manuel Cerundolo,Marco Trungelliti,45,auto,99,auto,0.6086,0.6086,0.3914,0.3914,1.4,manual,2.9,manual,pinnacle,pinnacle,0.7143,0.3448,-0.1057,-0.148,0.0,0.0466,0.1351,0.0245,False,ok,B_win,0.0466,76.5471,0.6084,54.0,0.4,0.3,0.5,-3.0,,,,,,
2026-07-21T10:29:39,atp,Kitzbuhel,clay,2026-07-21,Laslo Djere,Quentin Halys,238,auto,90,auto,0.4242,0.4242,0.5758,0.5758,1.85,manual,1.95,manual,pinnacle,pinnacle,0.5405,0.5128,-0.1164,-0.2153,0.0,0.063,0.1228,0.05,False,ok,A_win,-0.0500,-17.0165,0.4755,-148.0,-0.4,-0.2,0.5,58.0,,,,,,
2026-07-21T10:29:39,atp,Kitzbuhel,clay,2026-07-21,Sebastian Baez,Miomir Kecmanovic,56,auto,59,auto,0.5532,0.5532,0.4468,0.4468,2.1,manual,1.73,manual,pinnacle,pinnacle,0.4762,0.578,0.077,0.1617,0.05,-0.1312,-0.227,0.0,False,ok,A_win,0.0550,29.3006,0.5421,3.0,-0.1,0.0,0.0,-1.0,,,,,,
2026-07-21T10:29:39,atp,Kitzbuhel,clay,2026-07-21,Daniel Altmaier,Raphael Collignon,60,auto,42,auto,0.3065,0.3065,0.6935,0.6935,2.3,manual,1.6,manual,pinnacle,pinnacle,0.4348,0.625,-0.1283,-0.295,0.0,0.0685,0.1096,0.05,False,ok,A_win,-0.0500,-105.0602,0.3533,-18.0,-0.1,-0.3,0.5,4.0,,,,,,
2026-07-21T10:29:39,atp,Estoril,clay,2026-07-21,Hugo Gaston,Damir Dzumhur,107,auto,108,auto,0.4022,0.4022,0.5978,0.5978,2.03,manual,1.85,manual,pinnacle,pinnacle,0.4926,0.5405,-0.0904,-0.1836,0.0,0.0573,0.106,0.05,False,ok,A_win,-0.05,-61.2567,0.4127,1.0,-0.3,-0.3,0.0,5.0,,,,,,
2026-07-21T11:24:03,wta,Prague,hard,2026-07-21,Fruhvirtova L.,Krejcikova B.,149,auto,32,auto,0.1556,0.1556,0.8444,0.8444,4.05,manual,1.24,manual,pinnacle,pinnacle,0.2469,0.8065,-0.0913,-0.3699,0.0,0.038,0.0471,0.05,False,ok,B_win,0.0120,-173.2019,0.2695,-117.0,-0.5,-0.2,0.0,54.0,-45.8699,0.0,-0.75,,,-1259.6382
2026-07-21T18:56:39,atp,Kitzbuhel,clay,2026-07-22,Quentin Halys,Valentin Vacherot,83,auto,21,auto,0.2897,0.2897,0.7103,0.7103,2.37,manual,1.56,manual,pinnacle,pinnacle,0.4219,0.641,-0.1322,-0.3134,0.0,0.0693,0.1081,0.05,False,ok,A_win,-0.0500,-112.0859,0.3441,-62.0,-0.1,0.0,0.5,-4.0,-12.8146,0.0,0.0,,,-112.0859
2026-07-21T18:56:39,atp,Kitzbuhel,clay,2026-07-22,Sebastian Baez,Arthur Rinderknech,56,auto,28,auto,0.4597,0.4597,0.5403,0.5403,1.8,manual,2.0,manual,pinnacle,pinnacle,0.5556,0.5,-0.0958,-0.1725,0.0,0.0403,0.0805,0.0403,False,ok,A_win,-0.0403,-19.8868,0.4714,-28.0,0.0,-0.1,0.5,-4.0,-2.2778,0.0249,0.0,,,18.7833
2026-07-21T18:56:39,atp,Kitzbuhel,clay,2026-07-22,Alex Molcan,Daniel Altmaier,81,auto,61,auto,0.6666,0.6666,0.3334,0.3334,1.71,manual,2.1,manual,pinnacle,pinnacle,0.5848,0.4762,0.0818,0.14,0.05,-0.1428,-0.2999,0.0,False,ok,A_win,0.0355,78.3368,0.6109,-20.0,0.0,0.2,1.0,0.0,-8.4711,0.0,0.0,,,78.3368
2026-07-21T18:56:39,atp,Kitzbuhel,clay,2026-07-22,Tomas Martin Etcheverry,Jurij Rodionov,30,auto,145,auto,0.6904,0.6904,0.3096,0.3096,1.52,manual,2.5,manual,pinnacle,pinnacle,0.6579,0.4,0.0325,0.0494,0.05,-0.0904,-0.2259,0.0,False,ok,A_win,0.0260,38.7157,0.5555,115.0,-0.4,0.0,0.5,5.0,-62.5953,0.0,0.25,,,416.8243
2026-07-21T18:56:39,atp,Kitzbuhel,clay,2026-07-22,Alexander Bublik,Facundo Diaz Acosta,11,auto,108,auto,0.7237,0.7237,0.2763,0.2763,1.6,manual,2.3,manual,pinnacle,pinnacle,0.625,0.4348,0.0987,0.1579,0.05,-0.1585,-0.3645,0.0,False,ok,A_win,0.0300,117.8859,0.6634,97.0,0.2,-0.1,0.5,3.0,4.1824,0.0,0.0,,,117.8859
2026-07-21T18:56:39,wta,Hamburg,clay,2026-07-22,Carle M.,Kalinina A.,177,auto,59,auto,0.2833,0.2833,0.7167,0.7167,5.0,manual,1.15,manual,pinnacle,pinnacle,0.2,0.8696,0.0833,0.4164,0.0208,-0.1528,-0.1758,0.0,False,ok,B_win,-0.0208,-61.532,0.4124,-118.0,-0.2,-0.1,0.5,105.0,4.3838,0.0,-1.0,,,-1503.5982
2026-07-21T18:56:39,wta,Prague,hard,2026-07-22,Salkova D.,Dodin O.,127,auto,686,auto,0.8189,0.8189,0.1811,0.1811,1.39,manual,3.0,manual,pinnacle,pinnacle,0.7194,0.3333,0.0994,0.1382,0.05,-0.1522,-0.4566,0.0,False,ok,A_win,0.0195,24.656,0.5354,559.0,0.2,0.1,0.5,-162.0,-18.752,0.0,0.25,,,373.8474
2026-07-25T19:16:27,atp,Estoril,clay,2026-07-26,Alexander Blockx,Luca Van Assche,38,auto,78,auto,0.7089,0.7089,0.2911,0.2911,1.62,manual,2.2,manual,pinnacle,pinnacle,0.6173,0.4545,0.0916,0.1483,0.05,-0.1634,-0.3595,0.0,False,ok,B_win,-0.05,88.1634,0.6242,40.0,-0.2,-0.1,0.5,1.0,-28.9799,0.0,0.0,,,88.1634
2026-07-28T23:39:00,atp,ATP Washington Open,hard,2026-07-29,Aleksandar Vukic,Lorenzo Musetti,104,auto,10,auto,0.2302,0.2302,0.7698,0.7698,3.16,auto,1.41,auto,pinnacle,pinnacle,0.3165,0.7092,-0.0863,-0.2726,0.0,0.0606,0.0854,0.05,False,ok,B_win,0.0205,-173.9817,0.2686,-94.0,-0.4,-0.3,0.4,-48.0,-16.8174,-0.0078,0.5,0.0,0.0,723.7815
2026-07-28T23:39:01,atp,ATP Washington Open,hard,2026-07-29,Alex de Minaur,Stefanos Tsitsipas,6,auto,85,auto,0.6186,0.6186,0.3814,0.3814,1.75,auto,2.19,auto,pinnacle,pinnacle,0.5714,0.4566,0.0472,0.0826,0.05,-0.0753,-0.1648,0.0,False,ok,A_win,0.0375,83.5501,0.618,79.0,0.0,0.1,0.1895,13.0,-17.2532,0.0,0.0,0.054,0.0,169.4155
2026-07-28T23:39:01,wta,WTA Washington Open,hard,2026-07-29,Navarro E.,Cocciaretto E.,26,auto,46,auto,0.6262,0.6262,0.3738,0.3738,1.46,auto,2.94,auto,pinnacle,pinnacle,0.6849,0.3401,-0.0587,-0.0857,0.0,0.0337,0.099,0.0174,False,ok,B_win,0.0338,56.0301,0.5799,20.0,0.4,-0.4,0.4444,-5.0,8.1596,0.0,0.5,0.0,0.0,818.944
2026-07-29T22:22:27,atp,ATP Washington Open,hard,2026-07-30,Brandon Nakashima,Jakub Mensik,33,auto,17,auto,0.38,0.38,0.62,0.62,2.25,auto,1.71,auto,pinnacle,pinnacle,0.4444,0.5848,-0.0644,-0.145,0.0,0.0352,0.0602,0.0496,False,ok,A_win,-0.0496,-65.117,0.4074,-16.0,0.0,0.0,0.5,0.0,4.0256,0.0,0.0,0.0105,0.0,-45.1467
2026-07-29T22:22:27,atp,ATP Washington Open,hard,2026-07-30,Terence Atmane,Alejandro Tabilo,56,auto,30,auto,0.4069,0.4069,0.5931,0.5931,1.89,auto,2.01,auto,pinnacle,pinnacle,0.5291,0.4975,-0.1222,-0.231,0.0,0.0956,0.1921,0.05,False,ok,B_win,0.0505,-43.8376,0.4372,-26.0,-0.1,0.1,0.5,-1.0,11.3769,0.0,0.0,0.045,0.0,28.0272
2026-07-29T22:22:27,wta,WTA Washington Open,hard,2026-07-31,Kudermetova P.,Svitolina E.,109,auto,8,auto,0.1045,0.1045,0.8955,0.8955,5.27,auto,1.19,auto,pinnacle,pinnacle,0.1898,0.8403,-0.0853,-0.4495,0.0,0.0552,0.0657,0.05,False,ok,B_win,0.0095,-250.36,0.1914,-101.0,-0.4,-0.5,0.5,-13.0,-37.4087,0.0,-0.25,0.0,0.0,-610.4816
2026-07-30T23:22:46,wta,WTA Washington Open,hard,2026-07-31,Pegula J.,Kalinskaya A.,4,auto,20,auto,0.7553,0.7553,0.2447,0.2447,1.35,auto,3.43,auto,pinnacle,pinnacle,0.7407,0.2915,0.0145,0.0196,0.0415,-0.0468,-0.1605,0.0,False,ok,A_win,0.0145,146.2983,0.6989,16.0,0.1,0.3,0.6481,-4.0,17.1788,0.0,0.0,0.0,0.0,146.2983
2026-07-30T23:22:46,wta,WTA Washington Open,hard,2026-07-31,Cocciaretto E.,Osaka N.,46,auto,14,auto,0.2453,0.2453,0.7547,0.7547,5.94,auto,1.16,auto,pinnacle,pinnacle,0.1684,0.8621,0.077,0.4573,0.0156,-0.1074,-0.1246,0.0,False,ok,B_win,-0.0156,-123.9413,0.3288,-32.0,-0.6,0.1,0.4,8.0,-11.9757,0.0,-0.5,0.0,0.0,-886.858
2026-07-30T23:22:46,wta,WTA Washington Open,hard,2026-07-31,Shnaider D.,Samsonova L.,15,auto,41,auto,0.6187,0.6187,0.3813,0.3813,1.82,auto,2.08,auto,pinnacle,pinnacle,0.5495,0.4808,0.0693,0.1261,0.05,-0.0995,-0.2069,0.0,False,ok,A_win,0.041,72.2349,0.6025,26.0,0.3,0.2,0.5238,2.0,51.4428,0.0,0.0,0.0,0.0,72.2349
2026-07-31T22:43:53,atp,ATP Washington Open,hard,2026-08-01,Brandon Nakashima,Taylor Fritz,33,auto,10,auto,0.3211,0.3211,0.6789,0.6789,2.64,auto,1.54,auto,pinnacle,pinnacle,0.3788,0.6494,-0.0577,-0.1524,0.0,0.0296,0.0456,0.05,False,ok,B_win,0.027,-86.4029,0.3782,-23.0,-0.1,-0.1,0.3889,1.0,-6.6884,0.0,0.0,0.042,0.0,-12.9384
2026-07-31T22:43:53,wta,WTA Washington Open,hard,2026-08-01,Pegula J.,Shnaider D.,4,auto,15,auto,0.7774,0.7774,0.2226,0.2226,1.32,auto,3.71,auto,pinnacle,pinnacle,0.7576,0.2695,0.0198,0.0262,0.05,-0.0469,-0.1742,0.0,False,ok,A_win,0.016,157.671,0.7125,11.0,0.1,0.4,0.7143,-5.0,16.4034,0.0,0.0,0.0,0.0,157.671
2026-08-01T23:14:22,atp,ATP Canadian Open,hard,2026-08-02,Aleksandar Kovacevic,Nuno Borges,95,auto,48,auto,0.3834,0.3834,0.6166,0.6166,2.89,auto,1.45,auto,pinnacle,pinnacle,0.346,0.6897,0.0374,0.108,0.0198,-0.073,-0.1059,0.0,False,ok,B_win,-0.0198,-80.0299,0.3868,-47.0,-0.3,0.1,0.5,-6.0,-8.7347,0.0,0.0,-0.015,0.0,-99.6551
2026-08-01T23:14:22,atp,ATP Canadian Open,hard,2026-08-02,Jaume Munar,Rinky Hijikata,44,auto,93,auto,0.6219,0.6219,0.3781,0.3781,1.78,auto,2.12,auto,pinnacle,pinnacle,0.5618,0.4717,0.0601,0.107,0.05,-0.0936,-0.1984,0.0,False,ok,A_win,0.039,50.5577,0.5722,49.0,0.1,0.1,0.6,16.0,-28.0571,0.0,0.0,0.0525,0.0,127.9734
2026-08-01T23:14:22,atp,ATP Canadian Open,hard,2026-08-02,Matteo Berrettini,Mariano Navone,51,auto,47,auto,0.6626,0.6626,0.3374,0.3374,1.56,auto,2.56,auto,pinnacle,pinnacle,0.641,0.3906,0.0216,0.0337,0.0386,-0.0532,-0.1363,0.0,False,ok,A_win,0.0216,62.8956,0.5895,-4.0,0.2,0.5,0.6667,19.0,-44.9357,-0.0076,0.0,0.036,0.0,105.7608
2026-08-03T08:35:29,atp,ATP Canadian Open,hard,2026-08-03,James Duckworth,Christopher O'Connell,83,auto,128,auto,0.5164,0.5164,0.4836,0.4836,2.31,auto,1.68,auto,pinnacle,pinnacle,0.4329,0.5952,0.0835,0.1929,0.05,-0.1116,-0.1876,0.0,False,ok,A_win,0.0655,-11.6893,0.4832,45.0,0.1,0.0,0.6,-120.0,13.945,-0.0591,1.0,-0.0525,0.0,1226.7704
2026-08-03T08:35:29,atp,ATP Canadian Open,hard,2026-08-03,Luca Van Assche,Titouan Droguet,78,auto,114,auto,0.4101,0.4101,0.5899,0.5899,1.88,auto,2.01,auto,pinnacle,pinnacle,0.5319,0.4975,-0.1218,-0.2291,0.0,0.0924,0.1857,0.05,False,ok,B_win,0.0505,18.5695,0.5267,36.0,0.3,-0.2714,0.4,-4.0,69.0088,0.0,0.0,-0.033,-0.01,-46.9207
2026-08-03T08:35:29,atp,ATP Canadian Open,hard,2026-08-03,Nicolas Mejia,Martin Landaluce,165,auto,63,auto,0.3867,0.3867,0.6133,0.6133,3.18,auto,1.4,auto,pinnacle,pinnacle,0.3145,0.7143,0.0722,0.2296,0.0331,-0.101,-0.1414,0.0,False,ok,B_win,-0.0331,-10.5816,0.4848,-102.0,0.1,-0.4,0.5,28.0,-23.7974,0.0,-0.5,0.042,0.0,-684.6535
2026-08-03T08:35:30,atp,ATP Canadian Open,hard,2026-08-03,Sebastian Baez,Mattia Bellucci,56,auto,65,auto,0.634,0.634,0.366,0.366,1.85,auto,2.05,auto,pinnacle,pinnacle,0.5405,0.4878,0.0934,0.1729,0.05,-0.1218,-0.2496,0.0,False,ok,A_win,0.0425,45.8338,0.5656,9.0,-0.1,0.4,0.5,-30.0,-1.3709,0.0,0.0,-0.042,0.0,-18.1718
2026-08-03T08:35:30,atp,ATP Canadian Open,hard,2026-08-03,Shintaro Mochizuki,Fabian Marozsan,151,auto,53,auto,0.2872,0.2872,0.7128,0.7128,2.57,auto,1.56,auto,pinnacle,pinnacle,0.3891,0.641,-0.1019,-0.2618,0.0,0.0717,0.1119,0.05,False,ok,B_win,0.028,-90.5497,0.3726,-98.0,-0.2,-0.2,0.5,-4.0,38.7284,0.0,0.0,0.0,0.0,-90.5497
2026-08-05T02:16:05,atp,ATP Canadian Open,hard,2026-08-05,Valentin Vacherot,Mariano Navone,19,auto,47,auto,0.7177,0.7177,0.2823,0.2823,1.55,auto,2.6,auto,pinnacle,pinnacle,0.6452,0.3846,0.0725,0.1124,0.05,-0.1023,-0.2659,0.0,False,ok,B_win,-0.05,95.124,0.6336,28.0,0.1,0.4,0.6,1.0,-52.1486,0.0,-0.25,0.012,0.0,-288.2939
2026-08-05T02:16:05,atp,ATP Canadian Open,hard,2026-08-05,Ignacio Buse,Cameron Norrie,35,auto,39,auto,0.4393,0.4393,0.5607,0.5607,2.68,auto,1.53,auto,pinnacle,pinnacle,0.3731,0.6536,0.0662,0.1774,0.0394,-0.0929,-0.1422,0.0,False,ok,B_win,-0.0394,-3.97,0.4943,4.0,0.2,-0.4333,0.5,5.0,47.4029,0.0238,0.25,-0.015,0.0,387.7975
2026-08-05T02:16:05,atp,ATP Canadian Open,hard,2026-08-05,Rafael Jodar,Corentin Moutet,24,auto,57,auto,0.6684,0.6684,0.3316,0.3316,1.33,auto,3.58,auto,pinnacle,pinnacle,0.7519,0.2793,-0.0835,-0.111,0.0,0.0523,0.1871,0.0203,False,ok,A_win,-0.0203,188.9005,0.7479,33.0,0.6,0.2,0.5,1.0,223.6124,0.0,0.0,0.03,0.0,231.6567
2026-08-06T23:21:28,atp,ATP Canadian Open,hard,2026-08-07,Tallon Griekspoor,Matteo Arnaldi,67,auto,35,auto,0.5347,0.5347,0.4653,0.4653,1.64,auto,2.41,auto,pinnacle,pinnacle,0.6098,0.4149,-0.0751,-0.1231,0.0,0.0504,0.1214,0.0357,False,ok,A_win,-0.0357,12.0123,0.5173,-32.0,-0.3,0.4,0.4,0.0,0.9676,-0.0024,0.0,-0.003,0.0,3.6614
2026-08-06T23:21:28,atp,ATP Canadian Open,hard,2026-08-07,Terence Atmane,Jakub Mensik,56,auto,17,auto,0.2734,0.2734,0.7266,0.7266,2.92,auto,1.47,auto,pinnacle,pinnacle,0.3425,0.6803,-0.0691,-0.2018,0.0,0.0464,0.0682,0.05,False,ok,B_win,0.0235,-139.4517,0.3094,-39.0,-0.4,0.0,0.5,1.0,18.3693,0.0,0.0,0.0,0.0,-137.3599
2026-08-06T23:21:28,atp,ATP Canadian Open,hard,2026-08-07,Learner Tien,Tommy Paul,16,auto,21,auto,0.487,0.487,0.513,0.513,2.54,auto,1.58,auto,pinnacle,pinnacle,0.3937,0.6329,0.0933,0.237,0.05,-0.1199,-0.1895,0.0,False,ok,A_win,0.077,2.5034,0.5036,5.0,0.0,-0.1,0.4,0.0,-10.2451,0.0,0.0,0.0,0.0,2.4734
2026-08-08T12:16:54,atp,ATP Canadian Open,hard,2026-08-08,Arthur Rinderknech,Brandon Nakashima,29,auto,31,auto,0.4039,0.4039,0.5961,0.5961,2.75,auto,1.51,auto,pinnacle,pinnacle,0.3636,0.6623,0.0403,0.1108,0.023,-0.0662,-0.0999,0.0,False,ok,B_win,-0.023,-40.7245,0.4417,2.0,-0.2,-0.1,0.4,0.0,-14.0257,-0.0261,0.0,0.0555,0.0,15.1029
2026-08-08T12:16:54,atp,ATP Canadian Open,hard,2026-08-08,Jiri Lehecka,Rafael Jodar,12,auto,15,auto,0.4165,0.4165,0.5835,0.5835,2.06,auto,1.85,auto,pinnacle,pinnacle,0.4854,0.5405,-0.069,-0.1421,0.0,0.043,0.0795,0.05,False,ok,B_win,0.0425,-75.3567,0.3932,3.0,-0.2,-0.1,0.5,0.0,-79.3199,0.0,0.0,0.051,0.0,19.5764
2026-08-08T12:16:54,atp,ATP Canadian Open,hard,2026-08-08,Arthur Fils,Cameron Norrie,24,auto,48,auto,0.6302,0.6302,0.3698,0.3698,1.4,auto,3.21,auto,pinnacle,pinnacle,0.7143,0.3115,-0.0841,-0.1178,0.0,0.0583,0.1872,0.0264,False,ok,A_win,0.01056,81.9332,0.6158,24.0,0.0,0.0,0.5,1.0,11.3172,0.024,0.0,0.0435,0.0,175.1347
2026-08-11T10:37:31,atp,ATP Cincinnati Open,hard,2026-08-11,Dusan Lajovic,Benjamin Bonzi,152,auto,70,auto,0.402,0.402,0.598,0.598,2.72,auto,1.49,auto,pinnacle,pinnacle,0.3676,0.6711,0.0344,0.0935,0.02,-0.0731,-0.109,0.0,False,ok,A_win,0.0344,-39.2583,0.4437,-82.0,-0.2,-0.1,0.6,21.0,-49.6391,-0.1486,-0.25,0.0525,0.0,-442.6675
2026-08-11T10:37:31,atp,ATP Cincinnati Open,hard,2026-08-11,Giovanni Mpetshi Perricard,Trevor Svajda,91,auto,436,auto,0.7035,0.7035,0.2965,0.2965,1.56,auto,2.51,auto,pinnacle,pinnacle,0.641,0.3984,0.0625,0.0975,0.05,-0.1019,-0.2559,0.0,False,ok,A_win,0.028,5.3123,0.5076,345.0,0.3,0.1,0.5,-7.0,-48.0345,0.0,0.75,-0.0375,0.0,1030.6903
2026-08-11T10:37:31,atp,ATP Cincinnati Open,hard,2026-08-11,Jaime Faria,Nikoloz Basilashvili,79,auto,130,auto,0.606,0.606,0.394,0.394,1.46,auto,2.81,auto,pinnacle,pinnacle,0.6849,0.3559,-0.079,-0.1153,0.0,0.0382,0.1073,0.0211,False,ok,A_win,-0.0211,35.0407,0.5503,51.0,0.1,0.0,0.5,-17.0,38.7116,0.1116,0.0,-0.042,0.0,135.1935
2026-08-11T10:37:31,atp,ATP Cincinnati Open,hard,2026-08-11,Marco Trungelliti,Sebastian Ofner,95,auto,124,auto,0.4542,0.4542,0.5458,0.5458,2.36,auto,1.61,auto,pinnacle,pinnacle,0.4237,0.6211,0.0305,0.072,0.0224,-0.0753,-0.1213,0.0,False,ok,A_win,0.0305,-11.7897,0.483,29.0,0.0,0.0,0.6,-1.0,12.2126,-0.157,0.0,0.0,0.0,-240.6314
2026-08-11T10:37:31,atp,ATP Cincinnati Open,hard,2026-08-11,Hugo Gaston,Nicolai Budkov Kjaer,109,auto,118,auto,0.4969,0.4969,0.5031,0.5031,1.74,auto,2.13,auto,pinnacle,pinnacle,0.5747,0.4695,-0.0778,-0.1354,0.0,0.0336,0.0716,0.0297,False,ok,B_win,0.0336,-4.1968,0.494,9.0,0.0,0.0,0.5,-11.0,12.904,0.0,0.75,0.0,0.0,1087.1263
2026-08-11T10:37:31,atp,ATP Cincinnati Open,hard,2026-08-11,J.J. Wolf,Toby Samuel,143,auto,123,auto,0.3555,0.3555,0.6445,0.6445,2.27,auto,1.66,auto,pinnacle,pinnacle,0.4405,0.6024,-0.0851,-0.1931,0.0,0.0421,0.0699,0.05,False,ok,excluded,0.0,-35.426,0.4492,-20.0,-0.1333,-0.3,0.5,701.0,-55.5031,0.0,-1.0,0.0,0.0,-1489.147
2026-08-11T10:37:31,atp,ATP Cincinnati Open,hard,2026-08-11,Mark Lajal,Dalibor Svrcina,149,auto,116,auto,0.4035,0.4035,0.5965,0.5965,1.94,auto,1.89,auto,pinnacle,pinnacle,0.5155,0.5291,-0.112,-0.2173,0.0,0.0674,0.1274,0.05,False,ok,A_win,-0.05,8.7984,0.5127,-33.0,0.1,-0.1,0.5,291.0,12.8027,0.0,-1.0,0.036,0.0,-1450.0403
2026-08-12T10:38:52,atp,ATP Cincinnati Open,hard,2026-08-12,Sho Shimabukuro,J.J. Wolf,194,auto,143,auto,0.5464,0.5464,0.4536,0.4536,2.14,auto,1.75,auto,pinnacle,pinnacle,0.4673,0.5714,0.0792,0.1694,0.05,-0.1179,-0.2063,0.0,False,ok,B_win,-0.05,-11.0713,0.4841,-51.0,0.1,0.0,0.5,-736.0,29.3102,0.0,1.0,-0.027,0.0,1403.6982
2026-08-13T10:41:02,atp,ATP Cincinnati Open,hard,2026-08-13,Marton Fucsovics,Terence Atmane,100,auto,46,auto,0.4273,0.4273,0.5727,0.5727,2.78,auto,1.5,auto,pinnacle,pinnacle,0.3597,0.6667,0.0676,0.1878,0.038,-0.0939,-0.1409,0.0,False,ok,B_win,-0.038,-4.5334,0.4935,-54.0,-0.1,-0.2,0.6,4.0,-40.643,-0.1128,0.0,0.099,0.0,-22.7748
2026-08-13T10:41:02,atp,ATP Cincinnati Open,hard,2026-08-13,Rinky Hijikata,Gael Monfils,93,auto,52,auto,0.3805,0.3805,0.6195,0.6195,2.15,auto,1.77,auto,pinnacle,pinnacle,0.4651,0.565,-0.0847,-0.182,0.0,0.0546,0.0966,0.05,False,ok,A_win,-0.05,-69.0926,0.4019,-41.0,-0.1,0.1,0.5,4.0,28.5832,0.2487,0.5,0.0525,0.0,909.8021
2026-08-13T10:41:02,atp,ATP Cincinnati Open,hard,2026-08-14,Botic van de Zandschulp,Tallon Griekspoor,70,auto,69,auto,0.4617,0.4617,0.5383,0.5383,1.84,auto,2.06,auto,pinnacle,pinnacle,0.5435,0.4854,-0.0818,-0.1505,0.0,0.0529,0.1089,0.0499,False,ok,excluded,0.0,15.832,0.5228,-1.0,0.3,-0.1,0.3333,-2.0,30.3746,-0.0186,0.0,-0.0525,0.0,-92.9903
2026-08-13T10:41:02,atp,ATP Cincinnati Open,hard,2026-08-14,Sebastian Baez,Grigor Dimitrov,28,auto,146,auto,0.5375,0.5375,0.4625,0.4625,2.27,auto,1.7,auto,pinnacle,pinnacle,0.4405,0.5882,0.097,0.2202,0.05,-0.1258,-0.2138,0.0,False,ok,A_win,0.0635,-47.1768,0.4325,118.0,-0.1,0.2,0.5,-21.0,37.0194,0.1312,0.0,-0.027,0.0,117.6783
2026-08-16T01:55:34,atp,ATP Cincinnati Open,hard,2026-08-16,Joao Fonseca,Botic van de Zandschulp,27,auto,70,auto,0.6704,0.6704,0.3296,0.3296,1.36,auto,3.4,auto,pinnacle,pinnacle,0.7353,0.2941,-0.0649,-0.0883,0.0,0.0355,0.1207,0.0074,False,ok,A_win,-0.0074,97.6491,0.6369,43.0,0.0,0.0,0.4444,0.0,-7.0884,0.0217,0.0,0.018,0.0,149.9706
2026-08-16T01:55:34,atp,ATP Cincinnati Open,hard,2026-08-16,Daniel Altmaier,Lorenzo Musetti,65,auto,13,auto,0.2535,0.2535,0.7465,0.7465,4.61,auto,1.23,auto,pinnacle,pinnacle,0.2169,0.813,0.0366,0.1685,0.005,-0.0665,-0.0818,0.0,False,ok,B_win,-0.005,-139.7203,0.3091,-52.0,-0.1,-0.4,0.5,-7.0,9.5775,0.0,0.0,-0.0555,0.0,-219.1763
2026-08-16T01:55:34,atp,ATP Cincinnati Open,hard,2026-08-16,Stefanos Tsitsipas,Felix Auger-Aliassime,49,auto,29,auto,0.3918,0.3918,0.6082,0.6082,2.19,auto,1.75,auto,pinnacle,pinnacle,0.4566,0.5714,-0.0648,-0.1419,0.0,0.0367,0.0643,0.0245,False,ok,B_win,0.018375,-86.8356,0.3776,-20.0,0.0,-0.2,0.672,-38.0,4.2163,0.0,0.0,-0.066,0.0,-191.6471
2026-08-16T01:55:34,wta,WTA Cincinnati Open,hard,2026-08-16,Krejcikova B.,Bejlek S.,25,auto,38,auto,0.652,0.652,0.348,0.348,1.62,auto,2.44,auto,pinnacle,pinnacle,0.6173,0.4098,0.0347,0.0563,0.025,-0.0619,-0.1509,0.0,False,ok,B_win,-0.025,84.6612,0.6195,13.0,0.3,0.3,0.6,-1.0,7.9828,0.0,0.0,0.015,0.0,106.6287
2026-08-16T01:55:34,wta,WTA Cincinnati Open,hard,2026-08-16,Tjen J.,Golubic V.,37,auto,51,auto,0.4433,0.4433,0.5567,0.5567,1.85,auto,2.04,auto,pinnacle,pinnacle,0.5405,0.4902,-0.0973,-0.1799,0.0,0.0665,0.1357,0.025,False,ok,A_win,-0.025,-53.2953,0.4239,14.0,-0.4,-0.1,0.5,3.0,-89.3403,0.0,0.0,0.027,0.0,-11.8143
2026-08-16T01:55:34,wta,WTA Cincinnati Open,hard,2026-08-16,Gauff C.,Samsonova L.,4,auto,70,auto,0.8344,0.8344,0.1656,0.1656,1.33,auto,3.61,auto,pinnacle,pinnacle,0.7519,0.277,0.0825,0.1098,0.025,-0.1114,-0.4022,0.0,False,ok,A_win,0.00825,178.8811,0.7369,66.0,0.1,0.3,0.7143,-4.0,13.3107,0.0,0.0,-0.048,0.0,79.4519
2026-08-16T02:06:38,atp,ATP Cincinnati Open,hard,2026-08-16,Andrey Rublev,Pablo Carreno Busta,16,auto,72,auto,0.7305,0.7305,0.2695,0.2695,1.49,auto,2.8,auto,pinnacle,pinnacle,0.6711,0.3571,0.0594,0.0885,0.025,-0.0877,-0.2454,0.0,False,ok,A_win,0.01225,83.0502,0.6173,56.0,0.0,0.2,0.7143,9.0,-6.7623,0.1274,0.0,0.042,0.0,326.758
2026-08-16T02:06:38,wta,WTA Cincinnati Open,hard,2026-08-16,Valentova T.,Svitolina E.,64,auto,10,auto,0.1944,0.1944,0.8056,0.8056,3.47,auto,1.35,auto,pinnacle,pinnacle,0.2882,0.7407,-0.0938,-0.3254,0.0,0.0649,0.0876,0.025,False,ok,B_win,0.00875,-157.3638,0.2878,-54.0,-0.1,0.0,0.5,10.0,-20.3164,0.0,0.0,0.138,0.0,78.9761
2026-08-17T01:54:19,atp,ATP Cincinnati Open,hard,2026-08-17,Alexander Blockx,Flavio Cobolli,32,auto,10,auto,0.4599,0.4599,0.5401,0.5401,1.84,auto,2.08,auto,pinnacle,pinnacle,0.5435,0.4808,-0.0836,-0.1539,0.0,0.0594,0.1235,0.025,False,ok,B_win,0.027,4.3385,0.5062,-22.0,0.0,-0.1,0.6,-1.0,74.2953,0.0,0.0,0.0045,0.0,11.3189
2026-08-17T01:54:19,atp,ATP Cincinnati Open,hard,2026-08-17,Thiago Agustin Tirante,Martin Landaluce,50,auto,67,auto,0.6689,0.6689,0.3311,0.3311,1.75,auto,2.21,auto,pinnacle,pinnacle,0.5714,0.4525,0.0975,0.1706,0.025,-0.1214,-0.2683,0.0,False,ok,A_win,0.01875,111.9148,0.6557,17.0,0.4,0.1,0.5,0.0,18.7528,0.0,0.0,-0.0255,0.0,58.5111
2026-08-17T01:54:19,atp,ATP Cincinnati Open,hard,2026-08-17,Rafael Jodar,Alejandro Tabilo,11,auto,29,auto,0.7793,0.7793,0.2207,0.2207,1.46,auto,2.94,auto,pinnacle,pinnacle,0.6849,0.3401,0.0944,0.1378,0.025,-0.1195,-0.3512,0.0,False,ok,A_win,0.0115,168.0527,0.7246,18.0,0.2,0.2,0.5556,0.0,41.5177,0.0,0.0,-0.096,0.0,-6.6139
2026-08-17T01:54:19,atp,ATP Cincinnati Open,hard,2026-08-17,Tommy Paul,Adolfo Daniel Vallejo,24,auto,70,auto,0.682,0.682,0.318,0.318,1.24,auto,4.55,auto,pinnacle,pinnacle,0.8065,0.2198,-0.1244,-0.1543,0.0,0.0982,0.4467,0.014,False,ok,A_win,-0.014,99.8895,0.6399,46.0,0.1,-0.0667,0.6,0.0,6.6545,0.0,0.0,0.0075,0.0,103.8437
2026-08-18T02:52:43,atp,ATP Cincinnati Open,hard,2026-08-18,Brandon Nakashima,Daniil Medvedev,22,auto,7,auto,0.3608,0.3608,0.6392,0.6392,2.19,auto,1.76,auto,pinnacle,pinnacle,0.4566,0.5682,-0.0958,-0.2098,0.0,0.071,0.1249,0.025,False,ok,A_win,-0.025,-65.2407,0.4072,-15.0,0.2,0.1,0.2857,-1.0,30.2398,0.0129,0.0,-0.096,0.0,-196.9178
2026-08-18T02:52:43,atp,ATP Cincinnati Open,hard,2026-08-18,Juan Manuel Cerundolo,Felix Auger-Aliassime,51,auto,29,auto,0.2757,0.2757,0.7243,0.7243,4.78,auto,1.23,auto,pinnacle,pinnacle,0.2092,0.813,0.0665,0.3179,0.0088,-0.0887,-0.1091,0.0,False,ok,B_win,-0.0088,-136.2476,0.3134,-22.0,-0.1,-0.3,0.6,0.0,48.2507,0.0,0.0,-0.0765,0.0,-248.72
2026-08-19T10:58:05,atp,ATP Cincinnati Open,hard,2026-08-19,Thiago Agustin Tirante,Jakub Mensik,50,auto,16,auto,0.3958,0.3958,0.6042,0.6042,2.75,auto,1.52,auto,pinnacle,pinnacle,0.3636,0.6579,0.0322,0.0884,0.0092,-0.0537,-0.0816,0.0,False,ok,A_win,0.0161,-31.4007,0.4549,-34.0,0.1,0.1,0.5,0.0,65.7041,0.0,0.0,-0.0075,0.0,-39.4997
2026-08-19T10:58:05,atp,ATP Cincinnati Open,hard,2026-08-19,Alexander Zverev,Tommy Paul,3,auto,24,auto,0.629,0.629,0.371,0.371,1.39,auto,3.29,auto,pinnacle,pinnacle,0.7194,0.304,-0.0904,-0.1256,0.0,0.067,0.2205,0.0146,False,ok,B_win,0.033434,84.4647,0.6192,21.0,0.1,0.1,0.4762,0.0,17.9766,0.0,0.0,0.009,0.0,93.5773
2026-08-19T10:58:05,atp,ATP Cincinnati Open,hard,2026-08-19,Taylor Fritz,Christopher O'Connell,9,auto,129,auto,0.8473,0.8473,0.1527,0.1527,1.09,auto,8.57,auto,pinnacle,pinnacle,0.9174,0.1167,-0.0702,-0.0765,0.0,0.0361,0.309,0.0024,False,ok,A_win,-0.0024,191.6999,0.7509,120.0,0.4,0.4,0.7143,0.0,15.4351,0.0553,0.25,0.03,0.0,622.4605
2026-08-21T01:14:22,atp,ATP Cincinnati Open,hard,2026-08-21,Lorenzo Musetti,Frances Tiafoe,15,auto,20,auto,0.5738,0.5738,0.4262,0.4262,1.89,auto,2.01,auto,pinnacle,pinnacle,0.5291,0.4975,0.0447,0.0845,0.025,-0.0713,-0.1434,0.0,False,ok,B_win,-0.025,26.896,0.5386,5.0,-0.1,0.0,0.4933,-9.0,-12.9481,0.0,0.0,-0.042,0.0,-42.1376
2026-08-21T23:00:38,atp,ATP Cincinnati Open,hard,2026-08-22,Flavio Cobolli,Arthur Fils,10,auto,21,auto,0.3434,0.3434,0.6566,0.6566,3.35,auto,1.42,auto,betus,betfair_ex_uk,0.2985,0.7042,0.0449,0.1504,0.0096,-0.0476,-0.0676,0.0,False,ok,B_win,-0.0096,-71.6413,0.3983,11.0,0.0,0.0,0.3333,1.0,18.8099,0.0,0.0,0.0135,0.0,-45.1907
2026-08-24T15:29:55,wta,WTA Monterrey Open,hard,2026-08-24,Tjen J.,Yastremska D.,37,auto,107,auto,0.5617,0.5617,0.4383,0.4383,1.53,auto,2.86,auto,betfair_ex_uk,betfair_ex_eu,0.6536,0.3497,-0.0919,-0.1406,0.0,0.0887,0.2536,0.0238,False,ok,A_win,-0.0238,-22.1521,0.4682,70.0,0.0,0.0,0.6,-5.0,-18.0236,0.0,0.25,-0.045,0.0,280.444
2026-08-24T15:29:55,wta,WTA Monterrey Open,hard,2026-08-24,Tauson C.,Zarazua R.,42,auto,83,auto,0.6693,0.6693,0.3307,0.3307,1.36,auto,3.65,auto,betfair_ex_eu,betfair_ex_eu,0.7353,0.274,-0.066,-0.0898,0.0,0.0568,0.2072,0.0107,False,ok,A_win,-0.0107,72.7419,0.6032,41.0,0.0,0.0,0.5,-11.0,-16.646,0.0,0.0,-0.057,0.0,-15.2178
2026-08-24T15:29:55,wta,WTA Monterrey Open,hard,2026-08-25,Kalinina A.,Joint M.,51,auto,67,auto,0.4943,0.4943,0.5057,0.5057,1.88,auto,2.12,auto,gtbets,betfair_ex_uk,0.5319,0.4717,-0.0377,-0.0708,0.0,0.034,0.0722,0.0152,False,ok,void,0,-9.52,0.4863,16.0,-0.1,-0.2,0.5,-1.0,11.8261,0.0,0.0,-0.015,0.0,-31.7147
2026-08-24T15:29:55,wta,WTA Monterrey Open,hard,2026-08-25,Bucsa C.,Bondar A.,38,auto,76,auto,0.5462,0.5462,0.4538,0.4538,2.18,auto,1.82,auto,betfair_ex_eu,unibet_se,0.4587,0.5495,0.0874,0.1906,0.025,-0.0956,-0.174,0.0,False,ok,A_win,0.0295,-6.1741,0.4911,38.0,-0.5,0.2,0.6,-1.0,-37.5166,0.0,0.0,-0.015,0.0,-28.3057
2026-08-24T15:29:55,wta,WTA Monterrey Open,hard,2026-08-25,Zhang S.,Timofeeva M.,54,auto,96,auto,0.6369,0.6369,0.3631,0.3631,1.85,auto,2.1,auto,fanduel,bovada,0.5405,0.4762,0.0964,0.1783,0.025,-0.1131,-0.2376,0.0,False,ok,B_win,-0.025,81.7149,0.6155,42.0,0.2,0.2,0.5,-2.0,68.2641,0.0,0.0,-0.018,0.0,53.7158
2026-08-27T19:08:01,wta,WTA Monterrey Open,hard,2026-08-27,Starodubtseva Y.,Mertens E.,78,auto,22,auto,0.2765,0.2765,0.7235,0.7235,3.15,auto,1.47,auto,betfair_ex_uk,gtbets,0.3175,0.6803,-0.041,-0.129,0.0,0.0432,0.0635,0.0125,False,ok,B_win,0.005875,-120.7129,0.3329,-56.0,-0.3,-0.3,0.5,2.0,-2.6589,0.0,0.0,0.003,0.0,-114.5115
2026-08-29T21:48:16,atp,ATP US Open,hard,2026-08-30,Sho Shimabukuro,Arthur Rinderknech,87,auto,28,auto,0.2992,0.2992,0.7008,0.7008,3.95,auto,1.35,auto,betfair_ex_uk,gtbets,0.2532,0.7407,0.046,0.1817,0.0039,-0.0399,-0.0539,0.0,False,ok,pending,,-125.5336,0.3268,-59.0,-0.2,-0.4,0.5,-8.0,-37.1883,0.0276,0.0,-0.027,0.0,-119.9612
2026-08-29T21:48:16,atp,ATP US Open,hard,2026-08-30,Jiri Lehecka,Pablo Carreno Busta,14,auto,66,auto,0.7478,0.7478,0.2522,0.2522,1.28,auto,4.61,auto,betfair_ex_uk,onexbet,0.7812,0.2169,-0.0334,-0.0428,0.0,0.0353,0.1626,0.0024,False,ok,pending,,135.0564,0.6851,52.0,0.2,0.3,0.4444,6.0,20.4102,0.1284,0.0,0.024,0.0,348.7204
2026-08-29T21:48:16,atp,ATP US Open,hard,2026-08-30,Luca Van Assche,Cameron Norrie,40,auto,35,auto,0.2991,0.2991,0.7009,0.7009,2.92,auto,1.52,auto,matchbook,gtbets,0.3425,0.6579,-0.0434,-0.1267,0.0,0.043,0.0654,0.0125,False,ok,pending,,-94.2658,0.3676,-5.0,-0.1,-0.4,0.2857,-10.0,15.2268,0.0255,0.0,-0.027,0.0,-93.2864
2026-08-29T21:48:16,atp,ATP US Open,hard,2026-08-30,Thiago Agustin Tirante,Adrian Mannarino,50,auto,67,auto,0.7539,0.7539,0.2461,0.2461,1.4,auto,3.6,auto,onexbet,matchbook,0.7143,0.2778,0.0396,0.0554,0.0125,-0.0316,-0.1139,0.0,False,ok,pending,,143.3844,0.6954,17.0,0.4,0.5,0.5,4.0,83.5419,0.2042,0.0,-0.012,0.0,407.6328
2026-08-29T21:48:16,atp,ATP US Open,hard,2026-08-30,Jaime Faria,Jenson Brooksby,79,auto,73,auto,0.4479,0.4479,0.5521,0.5521,2.12,auto,1.93,auto,onexbet,betfair_ex_uk,0.4717,0.5181,-0.0238,-0.0505,0.0,0.034,0.0656,0.0091,False,ok,pending,,-1.0035,0.4986,-6.0,0.1,0.1,0.5556,5.0,66.8541,0.0,0.0,0.045,0.0,67.8505
2026-08-29T21:48:16,atp,ATP US Open,hard,2026-08-30,Miomir Kecmanovic,Denis Shapovalov,64,auto,48,auto,0.3743,0.3743,0.6257,0.6257,2.26,auto,1.79,auto,betfair_ex_uk,onexbet,0.4425,0.5587,-0.0682,-0.1541,0.0,0.067,0.12,0.0125,False,ok,pending,,-56.2769,0.4197,-16.0,-0.1,-0.1,0.2222,-10.0,-1.5206,0.0,0.0,-0.069,0.0,-159.0176
2026-08-29T21:48:17,atp,ATP US Open,hard,2026-08-30,Martin Landaluce,Jacob Fearnley,65,auto,86,auto,0.5618,0.5618,0.4382,0.4382,2.04,auto,2.08,auto,onexbet,matchbook,0.4902,0.4808,0.0716,0.146,0.0125,-0.0425,-0.0885,0.0,False,ok,pending,,13.5718,0.5195,21.0,-0.2,0.2,0.5,-18.0,46.183,0.0,0.25,-0.0795,0.0,262.5746
2026-08-29T21:48:17,atp,ATP US Open,hard,2026-08-30,Mariano Navone,Novak Djokovic,48,auto,5,auto,0.2627,0.2627,0.7373,0.7373,5.6,auto,1.21,auto,matchbook,onexbet,0.1786,0.8264,0.0841,0.4711,0.0046,-0.0891,-0.1079,0.0,False,ok,pending,,-174.4721,0.2681,-43.0,-0.2,-0.3,0.5,-10.0,43.443,0.2319,0.0,-0.039,0.0,157.8882
